Naam;Straat;Huisnummer;Postcode;Plaats;Email
Rona Aal;Wielewalen;60;9201 SX;Drachten;regina.419@gmail.com
Fam. Abma;Walperterwei;45;8731 CD;Wommels;r.abma@kpnmail.nl
Fam. Abma;Swingoerd;41;8731CV;Wommels;kl.abma@wxs.nl
Fam. Adema;Greate Buorren;5;8732 EE;Kûbaard;jtadema46@gmail.com
Stephan Akema;Javalaan;92;9715GZ;Groningen;stephanarkema@hotmail.com
Mirjam  van den  Akker;Sytzamaweg;23;8822 VB;Arum;mirjamvandenakker@home.nl
Berber Akkerman;Eewal;80A;8911 GV;Wommels;berber_akkerman@hotmail.com
Gielt Algra;It Fabryk;18;8621 JD;Heeg;G.B.C.Algra@mail.com
Liesbeth  Andreae;Angterperlaan;22;8863 MB;Parrega;liesbethandreae@hotmail.com
Margriet Andringa;Swynzerpaad;1;8731 BE;Wommels;m.andringa1@hetnet.nl
Karst Anema;Lotusstrjitte;46;9051 NB;Stiens;k.anema@planet.nl
Fam. Appelboom;de Untfangst;6;8731 BB;Wommels;rob.appelboom@gmail.com
Stephan  Arkema;Javalaan;Javalaan;9715GZ;Groningen;stephanarkema@hotmail.com
Douwe Attema;De Draei;54;8621 CZ;Heeg;douweattema@hetnet.nl
Jaap Baalbergen;22;9103 NM;Generaal J;Dokkum;j.baalbergen@knid.nl
Fam. Bajema;Swingoerd;15;8731CV;Wommels;
Louis Bakker;De Opslach;3 c;9256 HE;Ryptsjerk;louisbakker@hetnet.nl
Peter Balk;Dennenburg;7;8702 AW;Bolsward;renniebalk@home.nl
Bert Barhorst;De Smak;24;8651 CR;IJlst;b.barhorst@ziggo.nl
Janet Been;Gossepalen;9;8604 ED;Sneek;sietsebeen@hetnet.nl
Tim Beernink;Nova Zemblastraat;1A;4812 CL;Breda;timuitsneek@hotmail.com
Fam. Beintema;C.B. Balckstraat;13;8921 BX;Leeuwarden;jpbein@hotmail.com
Fam. Beintum;C.B. Balckstraat;13;;Leeuwarden;jpbein@hotmail.com
Willem Biemolt;Moreelsepark;48;;Utrecht;kubaarderhurdrindei.nl@biemolt.com
Fam. van der  Bij Elzinga;Rijksweg;92;;Jirnsum;p.bij@chello.nl
B Bijlsma;K N Kuperusstrjitte;15;9034 GP;Marsum;bbijlsma@hetnet.nl
Joost Bijlsma;Botterstraat;63;8754AB;Makkum;
Geert Bleeksma;Hoofden;86;8604 DK;Sneek;
Appie Bles;Willemskade ;56;8911 BC;Leeuwarden;A.Bles@live.nl
Fam. Bloemhof;Hearedyk ;46;8735 HS;Itens;
Johan Bloemhof;Saksenburg;23;8702 AZ;Bolsward;jbloemhof@xs4all.nl
Fokke de  Boer;Greate Buorren;27;8732EE;Kubaard;fokkedeboer27@gmail.com
H. de  Boer;De Kluut;5;8446KA;Heerenveen;harmfdeboer@hetnet.nl
Fam. Pieter  Boer;Knilles Ynsesstrjitte;;8732 EM;Kûbaard;klaasaligonda@ziggo.nl
Otto de Boer;Rooswinkelstate;128;8925LK;Leeuwarden;
Hessel de Boer;Zwanebloem;4;8935 HX;Leeuwarden;hesseldeboer@gmail.com
Janny Bonnema;Nyckle J. Haismaplein;5;8802 RV;Franeker;J.Bonnema@hotmail.com
Fam. Boomgaardt;Kunneweg;4;8896 KD;Hoorn Terschelling;martin.boomgaardt@home.nl
Fam. Boonstra;Geins;30;8731 CN;Wommels;nielsboonstra@me.com
Fam. Bootsma;Tsjerkebuorren;10;8732 ED;Kûbaard;astridreitsema@live.nl
Fam. Bos;Augustinusstraat;10;;Groningen;gerkebos@gmail.com
Klaas Bouma;Dekemawei;12;;Baard;klaasbouma@gmail.com
M. Brouwer;Ringweg;68;9073 HH;Marrum;menne.brouwer@llive.nl
Hester Brouwer;Schwartzenbergweg;11;;Hichtum;Hesterpbrouwer@hotmail.com
Wybertha Brouwer;De Klut;13;8702 CM;Bolsward;
Gerben Brouwer;Bottinge;6;8604 AJ;Sneek;gebrouwer@live.nl
Fam. de Bruin;Bordineweg;75;8931AM;Leeuwarden;
Fam. Bruin;Patrijs;2;8521RC;St. Nicolaasga;ina.veenstra@hetnet.nl
Tjerk Bruinsma;Middenstraat;5;8754 CT;Makkum;
Raymond Buis;Bukspad;2;8862 ZT;Harlingen;rbbuis@scarlet.nl
Willem Buren;Franschenland;11;8896 GL;Hoorn Terschelling;
Aad van der Burg;De Mar;1;8835XW;Easterlittens;aadvanderburgCzn@gmail.com
M. van den Burg;Groenedijk;21;8605 CJ;Sneek;burgsneek@gmail.com
Henk Canrinus;Hottingawei;14;8771 ST;Nijland;henkcanrinus@hetnet.nl
Nanette Caviet;Woudhorne;116;9101NP;Dokkum;NL.Caviet@gmail.com
Jitske Cnossen;Walperterwei;21;;Wommels;jdcnossen@gmail.com
Beke Cnossen;Yndijk;4;8635VD;Bozum;
Fam. Cremer;Nijewei;46;8401 AN;Gorredijk;prcremer@ziggo.nl
Karin Danhof;Master Ekke Blaauwstraat;6;9011 XH;Irnsum;k.danhof@upcmail.nl
Sjoukje de de Glee;H. Sijtstrawei;27;;Baard;sjoukjedeglee@hotmail.nl
Edwin Deelstra;Dotingastate;88;8926 MR;Leeuwarden;edeelstra@hotmail.com
Fam. Delea;Hottingawei ;9;8731 AB;Wommels;gdelea@home.nl
Fam. Dijkema;Kunneweg;4;;HOORN TERSCHELLING;elizabeth.dijkema@home.nl
Patrick Dijkhuizen;Barrewier;6;8605CA;Sneek;
Wietze Dijkstra;Koumelkerspaed;8A;9014CB;Tersoal;wietzedijkstra@gmail.com
Wietze Dijkstra;Koumelkerspaad;8a;9014 CB;Tersoal;wietzedijkstra@gmail.com
Sharmila Dijkstra;Swaenwertendyk;9;8637 VS;Wiuwert;
Fam. Dijkstra;'t Bosk ;44;8731 BM;Wommels;alexanderdijkstra@hotmail.com
Fam. Dijkstra;De Geep;20;;Makkum;klaasjandijkstra@hotmail.com
Jaap Dijkstra;Watersnater;4;8802DE;Franeker;
Anita Dijkstra;it Sylstring;8;9035 GP;Dronryp;anitadijkstra@hotmail.com
Fam. Jan  Dijkstra;De Geep;20;8754BJ;Makkum;klaasjandijkstra@hotmail.com
Janke Douma;Reinder Brolsmawei;4;9176 GG;Lichtaard;
Chris Draijer;Dwarssingel;9;9216 WL;Oudega;
Eric Drost;Dr. Bearda Bakkerstraat;31;8923 EP;Leeuwarden;evenskroejuhnou@hotmail.com
Albert van Duinen;Kerkeveen;18;8426 JJ;Appelscha;duine014@planet.nl
Henk Ebbinge;Swyserpaad;1;8731 DZ;Wommels;m.andringa@hetnet.nl
Fam. Eggermont;Kalverstraat ;6;9717 HW;Groningen ;marianne.eggermont@gmail.com
Roelof  Elzinga;Beukenlaan ;106;9103 RB;Dokkum;r.elzinga01@knid.nl
Herman Euverman;Meidoornstraat;9;8013 TM;Zwolle;
Fam. Evers;Greate Buorren;33;8732EE;Kubaard;jan-evers@live.nl
Fam. Falkena;De Finne;1 ;8633 KV;Ysbrechtum;fyntema@ziggo.nl
Fam. Falkena;Ingenawei;22;8771 KG;Nijland;walterfalkena@gmail.com
Fam. Feenstra;Jonkersfinne;23;8711GL;Workum;
Bouke Fennema;Lieuwe Jellingastjitte ;1;9055 MX;Britsum;
Miranda Fokkema;De Opslach; 27;8934 DB;Leeuwarden;mirandafokkema@hotmail.com
Tjeerd Fopma;\'t Bosk;39;8731BJ;Wommels;kirie@home.nl
Fam. Gaastra;Slachte;13;8732 EL;Kûbaard;jf.gaastra@hetnet.nl
Titia Galema;Bayumerleane;3A;8823 SH;Lollum;
Marc van Gelder;Engelseplein;18;8913 EA;Leeuwarden;
Jetze Genee;Lieuwkemastraat;63;8754 BL;Makkum;Jetzegenee@hotmail.com
S.H. Genee;Blokmakerstraat;12;8754 GC;Makkum;shgenee@home.nl
Fabian Giesing;KnillesYnsesstrjitte ;;;Kûbaard;
Jose Gillissen;C.B. Huetstraat;10;8862 BT;Harlingen;
Peter Glim;C.J. Boskerstraat;10;1777 AX;Hippolytushoef;phm.glim@quicknet.nl
F.E. Goike;Van Nijenrodeweg;772;1082 JH;Amsterdam;fgoike@gmail.com
Wijbrand de Graaf;Meseame;62;9041 EW;Berlikum;wijbrandd@hotmail.com
Hidzer Groenhof;G. Veenhuizenstraat;45;9079 KM;Sint Jacobiparochie;office@groenhofgroep.nl
Fam. Groenveld;Hid Heroplantsoen;27;8701BS;Bolsward;
Jan Willem de  Groot;Hofkamp;27;8731 BS;Wommels;janwillemdegroot@hotmail.com
Andrew Guest;Spijkerboor;50;8607 KC;Sneek;a.guest@home.nl
Fam. Haagsma;Noarderfinne;2;8835XT;Easterlittens;haagsmadurk@gmail.com
Fam. de Haan;Ambachtssingel;93;;Zevenhuizen;elvira.de.haan@gmail.com
Yde Haarsma;Lytsedyk;27;8601 ZJ;Sneek;h.haarsma@home.nl
Siebolt Haijtema;Kalkwurk;7;8711 KA;Workum;
Fam. Halbersma;Petronella Moenstrjitte;1;8732EH;Kubaard;
Klaas Halma;Sielânsreed;16;8757 JZ ;Gaast;kj_halma@hotmail.com
Carel Harkema;Bleeklaan;71;8921 GX;Leeuwarden;
A Heida;Poel ;01;8723 BX;Koudum;
Colina van der Heide;Schoterlandseweg ;13;8455 JD;Katlijk;w.v.d.heideg@kpn_planet.nl
Bert van der  Heide;Gerben Colmjonwei ;101;;Leeuwarden;anjabertvanderheide@gmail.com
Inge Helder;Ds Veenweg;4;;De Knipe;hanseninge.helder@hetnet.nl
Fam. Hemstra;Sanpaed;29;9024 ED;Weidum;steven-hemstra@hotmail.com
Fam. Hettinga;Sportleane ;9;9033 WZ ;Deinum;acroniusgerdien@telfort.nl
Ronald Hettinga;De Swan ;45;8702 CL;Bolsward;
Rogier den Heyer;It Heech;36;9035 AE;Dronryp;
Jan Hibma;Jacob van Lennepkade;408hs;1053 NN;Amsterdam;Janhibma@me.com
Durk Hibma;Tsjerkebuorren;1;8732ED;Kûbaard;durk.hibma@ziggo.nl
Siem Hiemstra;Industrieweg ;15;8426 AB;Appelscha;siemhiemstra@hetnet.nl
Jan van de Hoek;Wassenberghstr.;8;9076 AS;St. Annaparochie;
Herman Hoekstra;Lolkjeslân;51;9084 EK;Goutum;
Marcel Hoekstra;Oud Jaagpad;22;8861 HH;Harlingen;
Anneke van der Hoff;Hofkamp;4;8731 BV;Wommels;rudolf-anneke@hetnet.nl
Fam. Hofstra;Meekeshof;73;9089BD;Wytgaard;thofstra@online.nl
Jeen Holwerda;Feansterdyk;;9264 TN;Earnewald;jeen@holwerda.com
Gerald Hoogeveen;C.Epessingel;6;8701 VC;Bolsward;
Gerard Houbein;Hocquart;2;8801KV;Franeker;
Dirk Houtsma;Aldhaven;29;;Lollum;houd@marnecollege.nl
Caroline Huitema;S. van Haringhouckstr.;2b;8701DZ;Bolsward;carohuit@hotmail.com
Halbe Huitema;nr 60;;8644VT;Dearsum;h.huitema2@upcmail.nl
Fam. Hulzinga;De Homeie;25;8731 EC;Wommels;
Femke Hulzinga;Faldenserwei;20;8834 XJ;Baard;femhulzinga@hotmail.com
Lian IJdema;Nanne Reijnstraat ;10;;Bolsward;Familieijdema@ziggo.nl
Koos Jacobsen;Barrewier;11;8605 BZ;Sneek;koosjacobsen@gmail.com
Fam. Jacobsen;Nessenwei;16d;8618NM;Oosthem;
Keimpe Jager;Hobemasingel;9;9035AZ;Dronrijp;
Sarina Jannes;Tureluurstraat;42;8446 HN;Heerenveen;
Fam. Jansen;Berkwerterleane ;1;8732 EB;Kubaard;fenajansen@zonnet.nl
Bauke Jansen;Franekerstraat;30;8701 GC;Bolsward;javle.bv@ziggo.nl
Annelies de  Jong;Trekwei;13;8731 AA;Wommels;Arandshuizen30@gmail.com
Anna De Jong;Tsjerkebuorren 6;6;;Kûbaard;annadej@live.nl
Trienus de Jong;Waaxenserweg;12;8823 SX;Lollum;P.wijnia@home.nl
Feikje de Jong;Krabbedijk;2;8731 CE;Wommels;tjittedejong@telfort.nl
Fam. de  Jong;;0;;Kubaard;
Fam. de  Jong;Krabbedyk;2;8731CE;Wommels;tjittedejong@telfort.nl
Rinke de Jong;P. de Hooghstraat;;8932 LZ;Leeuwarden;dejongrinke@gmail.com
Fam. Jonker;Fyns;15;8731 CP;Wommels;wgjonker@online.nl
Leon Jonkman;Munt ;68;8446 AJ;Heerenveen;leon_jonkman@hotmail.com
Jolien Joosen;heechhiem;13;;Goutum;jolien_joosen@hotmail.com
J. Kalsbeek;Lotusstraat;30;9051 NA;Stiens;
Fam. Keekstra;Eikenburg;14;8702AT;Bolsward;h.keekstra@home.nl
Fam. Keizer;Fogelsang;17;9076KA;St. Annaparochie;jasperkei@ziggo.nl
Fam. Keizer-Zijlstra;Fogelsang;17;9076 KA;Sint Annaparochie;
Fam. Kersbergen;De Homeie ;17;8731 EC;Wommels;Haflingerpower4me@hotmail.com
Fam. van Keulen;De Ruyterweg;100;8921 KM;Leeuwarden;famvankeulen@online.nl
Angela Klijnstra;De Hiemen;8;8701 ZX;Bolsward;angela-93@hotmail.nl
Lubbert Kloosterman;Ferlinge Stationsstrjitte;74;9271 CG;De Westereen;L.Kloosterman@live.nl
Mildo Kock;Mennosimonzstraat;28;8561 CG;Balk;mildkock@hotmail.com
Fam. Kooistra;Joarumerleane;23;8732 EL;Kubaard;maarlu@hotmail.com
Fam. Kooistra;Slachte;7;8732 EL;Kûbaard;d.kooistra4@kpnplanet.nl
Ewold Kooistra;Kerkeburen;54;8754 EA;Makkum;
Lisette en hond Evy Kooistra;Liemendijk;14;8861 SJ;Harlingen;lisettekooistra@gmail.com
Jan Kooistra;Brouwersstraat;8;8861CX;Harlingen;
Johan Kooistra;Dr. Lyberingstraat ;20;9076 EP;Sint Annaparochie;
Fam. Kool;De Prikken;7;8732EN;Kubaard;piterkool@hotmail.com
Fam. Kools;Pasveerweg;14;8934 BX;Leeuwarden;
Fam. Koopman;Berkwerterleane;6;8732 EB;Kûbaard;hilde.koopman@gmail.com
Rinze Kootstra;Zuiderbolwerk;5;8861EW;Harlingen;rgkootstra@home.nl
Paula  Korbach;Hearedijk;52;8735 HS;Itens;korbachpaula@gmail.com
Gerben Kozijn;Koninginnenpage;29;;Sneek;info@kozema.nl
Fam. Kramer;Berkwerterleane;2;8732 EB;Kûbaard;kramershoek@hotmail.com
Klaas Kroese;Lange Achte ;21;8629 PK;Scharnegoutum;klaas.josekroese@ziggo.nl
Fam. Kroon;Fluitekruid;27;3068 RN;rotterdam;jeroencarla@online.nl
Jitze Kuiper;L.J. Timmerstraat;21;8701 DD;Bolsward;jitzekuiper@hotmail.com
Jan Jelle Kuipers;De Jister;36;8731 EB;Wommels;J.kuipers@calduran.nl
Paul Kuyer;Hondsdraf ;15;3831 AP;Leusden;paul_kuyer@hotmail.com
Nolle Lam;Buorren;42;8581 KE;Elahuizen;n.lam@home.nl
Fam. van Leeuwen;Wiardastraat;33;8934 AP;Leeuwarden;sjaakvanleeuwen@hotmail.com
Janke Leffering;It Swee;22;8604 VR;Sneek;
Fam. Lensen;Blauwmaad;19;8431 VA;Oosterwolde;rlensen@planet.nl
Fam. Lenssen;Blauwmaad;19;;Oosterwolde;rlenssen@planet.nl
Fam. van der Ley;Telemannstraat ;28;8915 CC;Leeuwarden;
Fam. Lichthart;Petronella Moenstrjitte;2;8732 EH;Kûbaard;jhlichthart@live.nl
Fam. Lijklema;Swingoerd ;26;8731 CW;Wommels;h.lijklema@ziggo.nl
Peter D. Londema;Leeuwarderweg;49;8603 CM;Sneek;p.dlondema@live.nl
Bauke van der Meer;Cort van der Lindenstraat;10;8802 RX;Franeker;bauke.sjanie@home.nl
Teun van der Meij;Franekerweg;13;8804NA;Tzum;meijmol@home.nl
Henk Meijers;J.W. Frisostraat;84;8606 XH;Sneek;henk.meijers@adm.com
Fam. van de Mey;J. van Tuinenstraat;30;9041CL;Berlikum;
Rene Miedema;'t Hof;10;8701 JE;Bolsward;rene.miedema1@home.nl
Klaas Miedema;Dinkelaar;10;8802 DL;Franeker;klaas4ever@yahoo.co.uk
Rogier Mink;Papingastins;10;8925 HH;Leeuwarden;rogier.mink@kpnmail.nl
Luuk Naarding;Skerwâld ;9;8618 NE;Oosthem;
Hans Nagtegaal;De Fisker;25;9001NW;Grou;jnagtegaal@hetnet.nl
Jan Nanninga;J. v. Wieringenstrjitte;10;8927 AC;Leeuwarden;jjnanninga@hotmail.com
Fam. Netjes;Sportlaan;32;8302 AZ;Emmeloord;
Johan van Noordenburg;J. Damwei;103;8411 XC;Jubbega;agrinowa@hotmail.com
Liesbeth Noorman;Van Nijenrodeweg;845;1082 JM;Amsterdam;Liesbeth.noorman@gmail.com
Harry Oosterhuis;Lotusstraat;45;9051 MD;Stiens;hp.oosterhuis@outlook.com
Aukje Antsje op de Hoek;schoolstraat ;12;;Witmarsum;aukjeantsje@hotmail.com
Jelle Outhuijse;Schouwstraat;33;8862 ZJ;Harlingen;js.outhuijse@kpnplanet.nl
Fam. Pace;Gasthuissingel;10;8701 BK;Bolsward;
Fam. Palstra;L.J. Timmerstraat;12;8701 DE;Bolsward;wpalstra@hotmail.com 
Fam. Palstra;Gravenburg;4;8702 BC;Bolsward;Liupalstra@hotmail.com
Jan Panhuis;Jan Lievensstraat;142;8932BH;Leeuwarden;j.panhuis3@chello.nl
A. Peterson;Sumatrastraat;32;8921 JE;Leeuwarden;a.petersonwieringa@chello.nl
Sam Petra;Ljurk ;13;8731 DE;Wommels;s.j.petra@gmail.com
Syb van der  Ploeg;Jaanbuorren ;3;9023 AA;Jorwert;
Henrietta van der  Pol;Voorstraat;48;8801 LD;Franeker;friespol@hetnet.nl
Jouke-Atze Posthumus;Buorren;12;;Rottevalle;posthumusj@hotmail.com
Henk Postma;De Seine;27;9033 XH;Deinum;Henkpostma9@gmail.com
Murk Postma;Tramstrjitte;27;8771RR;Nijland;
Fam. Postma;Hobbemastraat;21;8932 KZ;Leeuwarden;
Fam. Regnerius;Kopkewier;26;9073 GP;Marrum;annebell1975@gmail.com
Fam. Regnerus;Kopkewier ;26;;Marrum;s.regnerus@gmail.com
Saakje Regnerus;Tjeerd Nautastraat ;19;8108 NJ;Broeksterwoude;saakjeregnerus@gmail.com
Oeli Reitsma;Lange Warren;20;8607 KL;Sneek;reitsma2@home.nl
Jacob Rienstra;It Hiem ;2;9022 CG;Mantgum;riens124@gmail.com
Jeffery Robbers;De Jokse;185;8918 GS;Leeuwarden;jefferyrobbers@gmail.com
Fam. Roosjen;J.J. Hofleane;61;8915HS;Leeuwarden;maroosjen@planet.nl
Fam. de Ruiter;Fiem;20;8603DG;Sneek;fmruit@home.nl
Theo Runia;W. de Geeststraat;2a;8921 AL;Leeuwarden;theo_runia@yahoo.com
Djurre Johannes van der  Schaaf;Douwelaan;26;;Oentsjerk;d.vanderschaaf@kpnmail.nl
Inge van Schaick;Marnixstraat;60;8913 GX;Leeuwarden;
Fam. Schots;Walperterwei;43;8731 CD;Wommels;marcelschots@hetnet.nl
Fam. Schukken;Slachte;8;8732 EL;Kûbaard;wytsedouwina@hotmail.com
Fam. Schukken;Slachte;8;8732 EL;Kubaard;wytsedouwina@hotmail.com
Louis Sibma;It Hiem ;1;9022 CG;Mantgum;louisengea@kpnplanet.nl
Fam. T Sieperda;Ald hiem;3;8731 BR;Wommels;anniesieperda@gmail.com
Jasper Sierdsma;De Greiden;10;8701 ZZ;Bolsward;jaspersierdsma@gmail.com
Reinder Sinnema;Raaigras;217;8935 GB;Leeuwarden;r.sinnema@chello.nl
Cor van der Sluis;P.S. Gerbrandystraat;16;8802RL;Franeker;jikke2005@gmail.com
Tjitske van der Sluis;Lollummerweg;3;8804RX;Tzum;tjitskevdsluis@hotmail.com
Fokko Smedema;Canterstate;86;8925 BD;Leeuwarden;fbsmedema@gmail.com
Froukje Smedes;Lytse Buorren;;9263 PR;Garyp;f64veenstra@gmail.com
Arie Smedinga;Nieuwbuursterweg;38;8804RH;Tzum;
Dean Somer;Lijzijde;40;1034 KR;Amsterdam;e.somer@upcmail.nl
René Spaan;Meeuwenlaan;12B;;Sneek;enernaaps@gmail.com
Bouwe Steeg;Jan Steenstraat;8;8932 EB;Leeuwarden;
Paul Steen;Singel;18;9104 AG;Damwoude;p.steen@knid.nl
Anneke Steinfort;Grootkekhof;3;8701 HG;Bolsward;
Fam. Sterkenburgh-Joustra;De Prikken;3;8732 EN;Kûbaard;durkanneke@hotmail.nl
IJnze  Stienstra;Buthus ;8;9005 RV;Wergea;y.stienstra@agroconnect.nl
Fam. Strubbe;Terp;21;8731AX;Wommels;harrie.strubbe@hotmail.com
Anneke Sytsma;de Tilbarten;267;9084 CA;Goutum;
Ytsje Talsma-Kingma;Hoptille;8;9027BA;Hilaard;ytsjekingma@hotmail.com
Fam. Teernstra;Friezenburg;102;8702 AC;Bolsward;melissa_teernstra@msn.com
Reinder Tel;Doarpsstrjitte;7;9283 TC;Surhuizum;telvos@hetnet.nl
Fam. Terpstra;Knilles Ynsesstrjitte;9;8732 EM;Kubaard;8732em9@planet.nl
Fam. Terpstra;Knilles Ynsesstrjitte;9;8732 EM;Kûbaard;femievrieswijk@kpnmail.nl
Fam. Terpstra;Joarumerleane;9;8732EC;Kubaard;demarjan@hotmail.com
Henderika Terpstra - Sieperda;Ljurk;33;;Wommels;hsieperda@home.nl
Bouwe Tichelaar;Hid Herostraat;20;8701 BW;Bolsward;
Karin Tjepkema;Hobbemastraat;57;8932 LA;Leeuwarden;
Peter Tuurenhout;Noordmeep;30;8862 DH;Harlingen;petertuurenhout@hotmail.com
Fam. van der Veen;De Hageboek;6;9251 NN;Burgum;fam.vanderveen@loopclubburgum.nl
Fam. van der Veen;Boskwei;77;9299 HS;Zwagerbosch;
Klaske Veenstra;Kie;2;8801 PJ;Franeker;klaskeveenstra@live.nl
Symen van der Velde;De Bieren;9;8845SH;Waaksens;lytsebieren9@hotmail.com
Fam. van der  Velde;Joarumerleane ;9;8732EC;Kûbaard;demarjan@hotmail.com
Fam. van der  Velde;Joarumerleane ;9;8732 EC;Kûbaard;
Rene Vellinga;Terpzicht;3;8804 PE;Tzum;moreve41@hotmail.com
Tom Vellinga;G.S. Ruiterstrjitte;20;8491 GW;Akkrum;tvellinga@chello.nl
A. van der Ven;Horscamp;92;8861 TR;Harlingen;ajvanderven@home.nl
Tjitte Hylke Verbeek;Middenline;3;8731 AR;Wommels;thverbeek@gmail.com
Meine Verbeek;Fyns ;3;8731 CP;Wommels;meineverbeek3@gmail.com
Erik Verdoorn;Heliconweg;14B;;Leeuwarden;erik.verdoorn@gmail.com
Leo Versteeg;Parklaan;51;8801KA;Franeker;leo@mailons.nl
Corine Visser;Tesselschadestraat;100;8913 HB;Leeuwarden;info@diba-beautycare.nl
Tjeerd Visser;Tichelwurk;7;8801HX;Franeker;
Annemiek Vonk;Jousterweg ;10;8466 RE;Nijehaske;AVONK180@gmail.com
Piet de  Vos;Neptunesstraat;4;8303AB;Emmeloord;pmdevos@ziggo.nl
Rienk de  Vries;Haadstrjite;10;9269 SZ;Feanwalden;vries97@gmail.com
Coby de Vries;Kerkeweg;15;8486 GE;Oldelamer;cobydevries@home.nl
Fam. de Vries-Groen;It Noard;27;8512 AB;Broek;appie@devriesgroen.nl
Fam. Vrijlandt;Ambachtssingel;93;2761 LX;Zevenhuizen;wjvrijlandt@gmail.com
Fam. van der Wal;De Prikken;10;8732EN;Kubaard;walempel@hetnet.nl
Anita van der  Wal;Mgr. W.H. Nolensstraat;32;8862 WH;Harlingen;anitavanderwal1@hotmail.com
Hendrie van der  Werf;E. Mobachstraat;12;8701CV;Bolsward;h.vdwerf12@home.nl
Dikkie van der  Werf;Secretaris. Haitsmalaan;51;8701AX;Bolsward;
Paula van der Werf;De Welle;45;8939 AZ;Leeuwarden;
Fam. Wesselius;Trekwei;11;8731AA;Wommels;meintewesselius@gmail.com
Fam. Wesselius;Trekwei;11;8731 AA;Wommels;klaskewesselius@gmail.com
Pieter Westra;Sint Annafinne;16;8711 HS;Workum;phwestra@hotmail.com
Henriëtte  Westra;Gr. Kerkstraat;13;8861 EJ;Harlingen;westra.h@home.nl
Henk Wetting;Friezenburg;36;8702 AA;Bolsward;wetting@home.nl
Martin Wetting;Turfkade;25;8701 JL;Bolsward;wetting63@hotmail.com
Fam. Wiersma;De Koarte Baan;13;8731DX;Wommels;uwiersma@hetnet.nl
Harry Wiersma;Easterbeintumerwei;5;9171 GE;Blije;anke.harry.bos@gmail.com
Harry Wiersma;Het Oosten;3;9073JB;Marrum;
Mare Wiersma;Easterbeintemerwei ;5;9171 GE;Blija;mare.wiersma@live.nl
Tsjipke Wijbenga;Florakade;224;9713 ZG;Groningen;
Peter Wijnja;it Hiem ;6;;Mantgum;wijnja04@gmail.com
Zantema Wisse;Simmerkrite;5;8621 DV;Heeg;wzantema@gmail.com
Ingrid de  Wit;L. Doniastraat;20;8801 HD;Franeker;arno.en.ingrid@hetnet.nl
Johan de Witte;It Hôf;8;8754 KD;Makkum;
Fam. Wolfs;;;;Warstiens;
Fam. Ykema;;;;IJlst;
Hella Yntema;Snekerstraat;50;8701 XE;Bolsward;hellayntema@home.nl
Fam. Ypma;Oldeclooster;1;8741 KC;Hartwerd;
Fam. Ypma-Zijlstra;Oldeclooster;1;8741KC;Hartwerd;familie.ypma@hetnet.nl
Wijtze van der  Zee;Gerrit Knopstraat;8;;Bolsward;wytzevdzee@hotmail.com
Gertjan Zeelen;It Hof;22;9754 KD;Makkum;gjzeelen@kpnmail.nl
Cor Zeemans;De Tilbarten;2;9084CA;Goutum;corzeemans@hotmail.com
Albert van der Ziel;Sportleane;26;9041 ED;Berlikum;a.ziel3@chello.nl
Fam. Zijlstra;Terp;3;9081AV;Lekkum;bullebakjes@chello.nl
Fam. Zijlstra;Terp;3;9081 AV;Lekkum;charissazijlstra1205@gmail.com
Dirk van  Zon;J. v.d.Vondelstraat;17;8862XA;Harlingen;
Jort van Zutphen;Skildyk;17;9024 EN;Weidum;jortvanzutphen@gmail.com
Liset Zwaan;Dwarsnoard ;68;8711 AT;Workum;lisetzwaan@live.nl
Fam. Zwerver;De Tilbarten ;8;9084 CA;Goutum;johanzwerver@upcmail.nl
